<?xml version="1.0" encoding="UTF-8"?>
<GenRun Id="fifo_50_eth_synth_1" LaunchPart="xc7a35ticsg324-1L" LaunchTime="1574714914">
  <File Type="PA-TCL" Name="fifo_50_eth.tcl"/>
  <File Type="REPORTS-TCL" Name="fifo_50_eth_reports.tcl"/>
  <File Type="RDS-RDS" Name="fifo_50_eth.vds"/>
  <File Type="RDS-UTIL" Name="fifo_50_eth_utilization_synth.rpt"/>
  <File Type="RDS-UTIL-PB" Name="fifo_50_eth_utilization_synth.pb"/>
  <File Type="RDS-DCP" Name="fifo_50_eth.dcp"/>
  <FileSet Name="sources" Type="BlockSrcs" RelSrcDir="$PSRCDIR/fifo_50_eth">
    <File Path="$PSRCDIR/sources_1/ip/fifo_50_eth/fifo_50_eth.xci">
      <FileInfo>
        <Attr Name="UsedIn" Val="synthesis"/>
        <Attr Name="UsedIn" Val="implementation"/>
        <Attr Name="UsedIn" Val="simulation"/>
      </FileInfo>
    </File>
    <Config>
      <Option Name="TopModule" Val="fifo_50_eth"/>
      <Option Name="UseBlackboxStub" Val="1"/>
    </Config>
  </FileSet>
  <FileSet Name="constrs_in" Type="BlockSrcs" RelSrcDir="$PSRCDIR/fifo_50_eth">
    <File Path="$PSRCDIR/sources_1/ip/fifo_50_eth/fifo_50_eth.xci">
      <FileInfo>
        <Attr Name="UsedIn" Val="synthesis"/>
        <Attr Name="UsedIn" Val="implementation"/>
        <Attr Name="UsedIn" Val="simulation"/>
      </FileInfo>
    </File>
    <Config>
      <Option Name="TopModule" Val="fifo_50_eth"/>
      <Option Name="UseBlackboxStub" Val="1"/>
    </Config>
  </FileSet>
  <FileSet Name="utils" Type="Utils" RelSrcDir="$PSRCDIR/utils_1">
    <Filter Type="Utils"/>
    <Config>
      <Option Name="TopAutoSet" Val="TRUE"/>
    </Config>
  </FileSet>
  <Strategy Version="1" Minor="2">
    <StratHandle Name="Vivado Synthesis Defaults" Flow="Vivado Synthesis 2019"/>
    <Step Id="synth_design"/>
  </Strategy>
</GenRun>
