<?xml version="1.0" encoding="UTF-8"?>
<GenRun Id="fifo_ref_81_synth_1" LaunchPart="xc7a35ticsg324-1L" LaunchTime="1574711980">
  <File Type="PA-TCL" Name="fifo_ref_81.tcl"/>
  <File Type="REPORTS-TCL" Name="fifo_ref_81_reports.tcl"/>
  <File Type="RDS-RDS" Name="fifo_ref_81.vds"/>
  <File Type="RDS-UTIL" Name="fifo_ref_81_utilization_synth.rpt"/>
  <File Type="RDS-UTIL-PB" Name="fifo_ref_81_utilization_synth.pb"/>
  <File Type="RDS-DCP" Name="fifo_ref_81.dcp"/>
  <FileSet Name="sources" Type="BlockSrcs" RelSrcDir="$PSRCDIR/fifo_ref_81">
    <File Path="$PSRCDIR/sources_1/ip/fifo_ref_81/fifo_ref_81.xci">
      <FileInfo>
        <Attr Name="UsedIn" Val="synthesis"/>
        <Attr Name="UsedIn" Val="implementation"/>
        <Attr Name="UsedIn" Val="simulation"/>
      </FileInfo>
    </File>
    <Config>
      <Option Name="TopModule" Val="fifo_ref_81"/>
      <Option Name="UseBlackboxStub" Val="1"/>
    </Config>
  </FileSet>
  <FileSet Name="constrs_in" Type="BlockSrcs" RelSrcDir="$PSRCDIR/fifo_ref_81">
    <File Path="$PSRCDIR/sources_1/ip/fifo_ref_81/fifo_ref_81.xci">
      <FileInfo>
        <Attr Name="UsedIn" Val="synthesis"/>
        <Attr Name="UsedIn" Val="implementation"/>
        <Attr Name="UsedIn" Val="simulation"/>
      </FileInfo>
    </File>
    <Config>
      <Option Name="TopModule" Val="fifo_ref_81"/>
      <Option Name="UseBlackboxStub" Val="1"/>
    </Config>
  </FileSet>
  <FileSet Name="utils" Type="Utils" RelSrcDir="$PSRCDIR/utils_1">
    <Filter Type="Utils"/>
    <Config>
      <Option Name="TopAutoSet" Val="TRUE"/>
    </Config>
  </FileSet>
  <Strategy Version="1" Minor="2">
    <StratHandle Name="Vivado Synthesis Defaults" Flow="Vivado Synthesis 2019"/>
    <Step Id="synth_design"/>
  </Strategy>
</GenRun>
